{"cameraMode":{"drawMode":0,"name":"Shaded","section":"Shading Mode"},"sceneLighting":false,"audioPlay":false,"sceneViewState":{"showFog":true,"showMaterialUpdate":false,"showSkybox":false,"showFlares":true,"showImageEffects":true,"showParticleSystems":true},"in2DMode":false,"pivot":{"x":4.493658542633057,"y":-2.4839577674865724,"z":11.393204689025879},"rotation":{"x":0.1732751727104187,"y":0.12109526246786118,"z":-0.021473070606589319,"w":0.9771655201911926},"size":10.0,"orthographic":false}